<?xml version='1.0'?>
<topics>
      <topic name="Angels" filename="en/angels-en.xml" id="101" />
      <topic name="Ark" filename="en/ark-en.xml" id="111" />
      <topic name="Creation" filename="en/creation-en.xml" id="102" />
      <topic name="David" filename="en/david-en.xml" id="103" />
      <topic name="Feets" filename="en/feets-en.xml" id="104" />
      <topic name="Genesis" filename="en/genesis-en.xml" id="105" />
      <topic name="Geography" filename="en/geography-en.xml" id="110" />
      <topic name="Hills" filename="en/hills-en.xml" id="109" />
      <topic name="Ezekiel" filename="en/ezekiel-en.xml" id="106" />      
      <topic name="Joseph" filename="en/joseph-en.xml" id="107" />
      <topic name="Numbers" filename="en/numbers-en.xml" id="108" />
      <topic name="Plants" filename="en/plants-en.xml" id="113" />
      <topic name="Wine" filename="en/wine-en.xml" id="112" />     
</topics>

   